,VIX,US10Y,US2Y,DXY,OIL,CREDIT_SPREAD,CPI,FED_FUNDS
VIX,0.09560033192464953,0.03769986643540146,0.05641558141475146,0.024715684852762997,0.006673825751905794,0.009225540483802181,-0.10130010825117639,-0.11585773326651831
US10Y,-0.05465883784499238,-0.009181933154302758,-0.04926861571183274,0.01527207543604564,-0.029006113906309618,0.027986623992381946,0.018620140654698764,0.03394997808400126
US2Y,-0.16325044557604773,-0.02470271854138696,0.013005523979738105,-0.045485401586463865,0.015904182076563893,-0.18804480510492574,-0.07897803982095114,0.17824619983451281
DXY,0.04271037442323097,0.08341626432085707,0.05222990343664305,-0.077406912034816,0.0025142113649402826,-0.07657623360153114,-0.056267880498620165,0.05614963839144213
OIL,-0.11326697066388275,-0.14390524188535844,0.0028893980670346093,0.005857343743593223,-0.026664091352335568,0.05042159379622033,0.005321913245922797,0.029405453060879844
CREDIT_SPREAD,0.13053797891151217,0.007295355154312668,0.014854084165017904,-0.017716627171502047,-0.006450642074182139,0.0878214257085369,-0.032795671535715276,-0.06143866839613877
CPI,-0.019889540760239067,0.007585434077013729,0.018454202412119546,-0.07178380466774113,0.09633708809993195,0.04369104340699025,0.08810465125303206,0.04670077590619516
FED_FUNDS,-0.10174547519927363,-0.03389401611650323,-0.030061904592189208,-0.031054871984351404,0.06377280473778238,-0.06054985772306339,0.048006242723397964,0.031803036143784144
