,VIX,US10Y,US2Y,DXY,OIL,CREDIT_SPREAD,CPI,FED_FUNDS
VIX,0.7761735071102792,0.9275343547613866,0.8837262205279387,0.9020768047464772,0.07220500144940123,0.663816552889157,0.05725298830461452,0.4426950860134831
US10Y,0.7552205153801591,0.15698818845577822,0.5170024400935,0.275702915209835,0.005771846172526434,0.347028251197544,0.14566711458027376,0.5366480626256566
US2Y,0.3145270335094465,0.3447333426550597,0.0022570701299183833,0.26980781048016583,0.1650951929714667,0.5109468641051115,0.469116907600575,0.0002935075182035371
DXY,0.8179785355823733,0.5201784454288346,0.4619529591000045,0.11537398337153558,0.6034658819528708,0.8161643777870748,0.6048769008728115,0.6445292877671818
OIL,0.2175706412726654,0.8316533748289838,0.9633024704721103,0.3367087443829341,0.21732499422302867,0.8230792240943287,0.20898727484194832,0.5676791015976028
CREDIT_SPREAD,0.33237156481645996,0.9488768894200592,0.24675131740257095,0.683928902675338,0.12925065711186426,0.6987015932885781,0.7535744490269299,0.33581464825893875
CPI,0.44789166302183464,0.16223572756131505,0.7731483606852906,0.04287481361012933,0.8361603888691748,0.45672708382070193,0.07911690287972603,0.905952591913985
FED_FUNDS,0.013497349320693512,0.7134413919966401,0.21877297391282008,0.510678156315411,0.550913317907594,0.18020580767543995,0.5493699040445988,0.7042787544879667
