,VIX,US10Y,US2Y,DXY,OIL,CREDIT_SPREAD,CPI,FED_FUNDS
VIX,0.021581892535391518,-0.006865084977074096,0.011134705248351598,-0.009287340167041594,0.13546887584877318,0.03289450897739839,-0.1440123087152569,0.058229603821051606
US10Y,0.023530177966519288,-0.10592924067177915,-0.049022670137903776,-0.08167873579783594,-0.20555914332596797,0.07069376940360382,-0.11012617909418007,0.046749257498324225
US2Y,-0.0764655469696518,-0.07143493842064999,0.2294278481331183,-0.08339081458949033,-0.10509366466799198,-0.04987521887646475,-0.05539768901562316,0.27053579229577845
DXY,0.017371234627489993,-0.048239792382593114,0.05564509616033533,-0.11776732999927766,-0.039082453804876,0.01749770673419705,-0.03926524136261846,0.03491590842362852
OIL,-0.09313729155756768,-0.016000166497179658,-0.003492995330596831,-0.07221737157079047,-0.0929221171675847,0.01687620563174336,-0.09543852667518393,-0.04336512384481072
CREDIT_SPREAD,0.07328185913108247,0.00482612911683084,0.08776515022952511,0.030636142244171122,0.11414092401657558,0.02921201915131531,0.023898731859732604,0.07297193761206856
CPI,0.05773594847958828,0.10550351636759248,0.022008858335636164,0.1523924478058427,-0.01574502590178677,0.056620395614263345,0.13347517203007594,-0.009047824053855954
FED_FUNDS,-0.1864381867627055,0.02779490704705884,-0.09370081383238463,-0.049763871842544855,-0.0452541685886596,-0.10147759065203973,-0.04582696810124045,-0.028976497773109098
