,VIX,US10Y,US2Y,DXY,OIL,CREDIT_SPREAD,CPI,FED_FUNDS
VIX,-0.0183082070553602,-0.03124434989518926,-0.026001823673550185,-0.0771583882648967,0.0658561045935544,0.01965941863963935,-0.06425216730499533,-0.02572189182904566
US10Y,0.043450741114784204,0.011879635227574554,0.004837056862822426,-0.03245798882079489,-0.006783312279479126,0.033310059088622924,0.03527207654010097,0.018535785842113708
US2Y,-0.03908895669878931,0.01271732861978463,0.04949492299722346,-0.04543892311428968,-0.067334611604715,-0.1155139167331381,-0.02788231203950374,0.06852070264237636
DXY,-0.01297177891189787,-0.01706737166109537,-0.02007627034285469,0.11412647482772059,-0.1791082886268753,0.13331865317149763,-0.018504302879643487,0.004491255881731785
OIL,0.049105823996709715,0.05695784936844148,0.03630413724485307,0.015826216933960725,-0.09874547870944733,-0.08485291807086584,0.06764237893905095,0.0606941130816995
CREDIT_SPREAD,-0.0392994793580375,0.008886162640951427,0.04508047214135399,0.08721483317939753,0.04787940054423049,0.02872779479510187,-0.012089525047779708,-0.0007993352500763986
CPI,0.11653981767368966,0.039429020525478434,-0.08226575576836018,-0.08287917174713799,0.011862403810503633,0.025972315791426802,0.006499991485724362,0.013664755983291126
FED_FUNDS,-0.07191864962965008,0.09360936504346952,0.03679502608659385,-0.10902620117107703,-0.017387732479416506,-0.14492156162772685,-0.04692592294185518,0.07511969739363887
