,VIX,US10Y,US2Y,DXY,OIL,CREDIT_SPREAD,CPI,FED_FUNDS
VIX,0.4819899140029521,-0.1104128572324561,-0.17998595089328345,-0.11933204733789908,0.06269380268605879,0.16151574516157552,-0.08489469705695751,-0.17027265649832019
US10Y,-0.13098453748188846,0.07535473540939436,0.13003634199295863,-0.007772579446837341,0.03936486498466696,-0.020688175830201723,0.044168097802459665,-0.07398516965260038
US2Y,0.017586728403967817,-0.01381226819462775,0.26874953785895545,-0.018385362499111428,-0.12387433972137846,-0.06942705089769786,-0.034284937359708834,0.6626597453526177
DXY,-0.07518252666092298,0.07348629441437755,-0.004458968714975136,0.023129658577218586,0.05032627109550778,0.07627643652889361,-0.010059975923549166,-0.11199406035009278
OIL,-0.002427472801096675,0.0964872021875504,0.05732882513552568,0.02328280923597508,0.07574789306310337,0.03722031577393732,0.4349212023071307,0.07413225897461591
CREDIT_SPREAD,-0.02303809432564217,-0.0933375379259071,0.05001512115714005,-0.027136522766213873,-0.13714220060372118,0.017440482979717026,-0.10815155621858255,0.12922189057121664
CPI,0.10175259729152267,0.04194131233317998,0.08581174156297089,0.1644962268056073,-0.011533110549899745,0.09522391614087977,0.3249363584176186,-0.04396891136453366
FED_FUNDS,0.13261817675576124,-0.10392327405300336,-0.2172496318891321,0.0661597896438817,-0.2444080531791695,0.2237255013514626,-0.00366011543602557,-0.19560428632484983
