,VIX,US10Y,US2Y,DXY,OIL,CREDIT_SPREAD,CPI,FED_FUNDS
VIX,0.7619455857459834,0.4483825468790356,0.1733877602534695,0.4511805523510792,0.22073251617831866,0.09345846659777493,0.0020094036800358166,0.005598630480282669
US10Y,0.3179741860636719,0.44654158040420694,0.9494470772949123,0.01676635723459585,0.4641288856779919,0.4852539283541506,0.13824508322796802,0.7036288864892327
US2Y,0.7283454902577509,0.20955485638307433,0.9262515857452733,0.1350898298231138,0.9318004575060619,0.20584699273586768,0.3658375733640653,0.392555020136616
DXY,0.9997838174399959,0.5943859811380822,0.28476112808283266,0.5454031096457416,0.7573231458257336,0.980420826205517,0.7401022358751274,0.5366547739075669
OIL,0.6238146222048956,0.2795742508047937,0.8143674799425177,0.6147300687506936,0.1505055646734731,0.05288484163043022,0.02906367205632013,0.8091322029996996
CREDIT_SPREAD,0.05904523050500725,0.5101240373480304,0.936931613627629,0.44084460701171957,0.6249054381824101,0.5666470814710811,0.16471400907780978,0.8809414979273466
CPI,0.5717849972478533,0.5263954365294792,0.05706488231293452,0.5464427685152612,0.7244608961270598,0.17654474927566166,0.2533486706540388,0.5585412826926573
FED_FUNDS,0.6193170489278279,0.2061404682267703,0.13524460002494776,0.039209300531416746,0.7684683789322853,0.9748198716341863,0.3319111972719715,0.248571693881561
