,VIX,US10Y,US2Y,DXY,OIL,CREDIT_SPREAD,CPI,FED_FUNDS
VIX,0.022994804481607206,0.05717940424591486,0.10337696269917272,-0.05682805083629264,0.09250318058231662,-0.1264726309825571,0.2319634192469582,0.2080201444233392
US10Y,-0.07527452256842025,-0.05708742679289089,0.0047994997845747095,-0.17808685686273956,-0.05506132861072416,-0.05249357864494992,-0.11218328401131171,0.02879267463529652
US2Y,0.026440363328695114,0.09477487199360461,-0.007067958825765287,0.11276098603001382,0.006497047413235027,0.09582128320289046,-0.06917155016686645,0.06521788748750267
DXY,-2.0452253051340963e-05,0.039952018367415694,0.08084355620807047,0.04536171450606784,-0.02325538334782234,-0.001847244131705654,-0.025179636685137008,0.0467484880905468
OIL,0.037114833390029134,-0.0812539143486933,-0.017823975127607257,-0.037872711806286666,-0.10820944296410571,0.1453513700140307,-0.16504033466193269,-0.018336318249483664
CREDIT_SPREAD,0.14218558511490811,0.04954626922581008,0.006007172454600125,0.057967529356410634,0.0368927916402738,-0.04323239791281785,0.1054907610531828,-0.011370432382196781
CPI,0.04315580754424843,0.04806811420981314,0.14453531833820976,0.045762564212706455,0.026834246013200433,0.10262708305340756,0.08731093522352291,-0.0447797681814224
FED_FUNDS,-0.037813500542714776,0.09548606963203139,0.11369181352103735,0.15514767749048075,-0.022346103279298653,-0.0023962863914990277,-0.07420456499112339,0.08793554899133348
