,VIX,US10Y,US2Y,DXY,OIL,CREDIT_SPREAD,CPI,FED_FUNDS
VIX,0.06533555192446434,0.04818018848192282,0.10411818604429696,0.06087001808956964,0.07523229967167691,-0.1098435409642867,0.0013694881341460895,0.07018394837985996
US10Y,-0.03410715227779448,-0.029384179096641545,0.14097404417438314,-0.09149876056177941,0.07372157326317014,-0.031957648820367814,0.07068571903970695,0.23843805710606583
US2Y,0.11440443140499428,0.10464332468825563,0.04707574406820987,-0.06059662849086882,-0.09276454964188682,-0.17469859762813023,0.013573175591297964,0.059601419930071696
DXY,-0.0713862033871635,-0.06583026702336302,0.07416063937282362,0.07463153332633744,-0.10152290387496785,0.03012389499576036,-0.05540706077394061,0.11091965849821671
OIL,-0.01337159989766178,0.05564814523823306,0.06527494865000219,-0.0006385130753919239,-0.010312848176681431,-0.0718825540512674,0.03679759456007342,-0.09926207382122088
CREDIT_SPREAD,0.01257731276988359,0.02564797994502022,-0.03593372958162488,-0.0095413880166002,0.017458332281650113,0.02214902602927383,-0.09739166612747999,0.0372933502414847
CPI,-0.036972052014768685,-0.0718874144451386,0.05786555711052685,-0.0805525132613216,0.05321422552077947,-0.003939406191660149,-0.08846369691268656,-0.005222987791664194
FED_FUNDS,0.1261244848173106,0.08110276306387607,0.0898996371116605,0.1291678025516341,-0.07468266817035159,-0.062100777430524966,0.006181189476546308,-0.08608412659503677
